StartDate,EndDate,Image,Title,Tags
07 Nov 2024 12:00 AM,08 Nov 2024 12:00 AM,2.jpg,Ik wil je beter leren kennen schat xx ğŸ˜Š Kom lekker chatten met 40% Korting ğŸ˜³,#beauty #boobs #ass #horny #alone
05 Nov 2024 12:00 AM,06 Nov 2024 12:00 AM,3.jpg,Samen klaarkomen schatje?ğŸ’¦ 40% Korting staat voor je klaar schatje!?ğŸ†ğŸ˜³,#beauty #boobs #ass #horny #alone
05 Nov 2024 12:00 AM,06 Nov 2024 12:00 AM,4.jpg,Ik wil jou schatje.. Waar wacht je nog op ğŸ˜ˆ Ik wacht op je met 40% korting!ğŸ†ğŸ˜³,#hot #boobs #ass #horny #pussy
05 Nov 2024 12:00 AM,06 Nov 2024 12:00 AM,5.jpg,Samen geil chatten schatje? ğŸ’¦ Ik heb speciaal voor jou 40% Korting!ğŸ˜ˆğŸ¤¤,#hot #boobs #ass #horny #alone
05 Nov 2024 12:00 AM,06 Nov 2024 12:00 AM,6.jpg,Ik wil je beter leren kennen schat xx ğŸ˜Š Kom lekker chatten met 40% Korting ğŸ˜³,#beauty #boobs #ass #horny #alone
05 Nov 2024 12:00 AM,06 Nov 2024 12:00 AM,7.jpg,Samen klaarkomen schatje?ğŸ’¦ 40% Korting staat voor je klaar schatje!?ğŸ†ğŸ˜³,#hot #boobs #ass #horny #alone
05 Nov 2024 12:00 AM,06 Nov 2024 12:00 AM,8.jpg,Ik wil jou schatje.. Waar wacht je nog op ğŸ˜ˆ Ik wacht op je met 40% korting!ğŸ†ğŸ˜³,#hot #boobs #ass #horny #pussy
05 Nov 2024 12:00 AM,06 Nov 2024 12:00 AM,9.jpg,Samen geil chatten schatje? ğŸ’¦ Ik heb speciaal voor jou 40% Korting!ğŸ˜ˆğŸ¤¤,#hot #boobs #ass #horny #alone
05 Nov 2024 12:00 AM,06 Nov 2024 12:00 AM,10.jpg,Ik wil je beter leren kennen schat xx ğŸ˜Š Kom lekker chatten met 40% Korting ğŸ˜³,#beauty #boobs #ass #horny #alone
05 Nov 2024 12:00 AM,06 Nov 2024 12:00 AM,11.jpg,Samen klaarkomen schatje?ğŸ’¦ 40% Korting staat voor je klaar schatje!?ğŸ†ğŸ˜³,#beauty #boobs #ass #horny #alone
05 Nov 2024 12:00 AM,06 Nov 2024 12:00 AM,12.jpg,Ik wil jou schatje.. Waar wacht je nog op ğŸ˜ˆ Ik wacht op je met 40% korting!ğŸ†ğŸ˜³,#hot #boobs #ass #horny #alone
